Batch,Origin Country,Origin State,Origin City,Origin Postal,Destination Country,Destination Postal,Linehaul
"Minneapolis, MN",USA,MN,"Minneapolis, MN",55407,CA,V8R,"$3,353"
"Minneapolis, MN",USA,MN,"Minneapolis, MN",55407,CA,V2L,"$3,287"
"Minneapolis, MN",USA,MN,"Minneapolis, MN",55407,CA,T8E,"$2,649"
"Minneapolis, MN",USA,MN,"Minneapolis, MN",55407,CA,T5E,"$2,667"
"Minneapolis, MN",USA,MN,"Minneapolis, MN",55407,CA,S7S,"$2,191"
"Minneapolis, MN",USA,MN,"Minneapolis, MN",55407,CA,S4H,"$1,701"
"Minneapolis, MN",USA,MN,"Minneapolis, MN",55407,CA,R0A,"$1,302"
"Minneapolis, MN",USA,MN,"Minneapolis, MN",55407,CA,N0H,"$2,131"
"Minneapolis, MN",USA,MN,"Minneapolis, MN",55407,CA,M3A,"$2,124"
"Minneapolis, MN",USA,MN,"Minneapolis, MN",55407,CA,L7A,"$2,090"
"Minneapolis, MN",USA,MN,"Minneapolis, MN",55407,CA,L6W,"$2,089"
"Minneapolis, MN",USA,MN,"Minneapolis, MN",55407,CA,L4N,"$2,175"
"Minneapolis, MN",USA,MN,"Minneapolis, MN",55407,CA,L1E,"$2,164"
"Minneapolis, MN",USA,MN,"Minneapolis, MN",55407,CA,L0H,"$2,147"
"Minneapolis, MN",USA,MN,"Minneapolis, MN",55407,CA,J9T,"$2,190"
"Minneapolis, MN",USA,MN,"Minneapolis, MN",55407,CA,J9P,"$2,245"
"Minneapolis, MN",USA,MN,"Minneapolis, MN",55407,CA,J9E,"$2,311"
"Minneapolis, MN",USA,MN,"Minneapolis, MN",55407,CA,J8Z,"$2,533"
"Minneapolis, MN",USA,MN,"Minneapolis, MN",55407,CA,J7N,"$2,641"
"Minneapolis, MN",USA,MN,"Minneapolis, MN",55407,CA,J2B,"$2,699"
"Minneapolis, MN",USA,MN,"Minneapolis, MN",55407,CA,H4C,"$2,605"
"Minneapolis, MN",USA,MN,"Minneapolis, MN",55407,CA,H2E,"$2,606"
"Minneapolis, MN",USA,MN,"Minneapolis, MN",55407,CA,G1P,"$2,825"
"Minneapolis, MN",USA,MN,"Minneapolis, MN",55407,CA,E3N,"$3,218"
"Minneapolis, MN",USA,MN,"Minneapolis, MN",55407,CA,B3J,"$3,632"
"Minneapolis, MN",USA,MN,"Minneapolis, MN",55407,CA,B1W,"$3,788"
"Minneapolis, MN",USA,MN,"Minneapolis, MN",55407,CA,A1B,"$4,568"
"Minneapolis, MN",USA,MN,"Minneapolis, MN",55407,US,99128,"$2,829"
"Minneapolis, MN",USA,MN,"Minneapolis, MN",55407,US,99114,"$2,887"
"Minneapolis, MN",USA,MN,"Minneapolis, MN",55407,US,99026,"$2,810"
"Minneapolis, MN",USA,MN,"Minneapolis, MN",55407,US,98862,"$3,040"
"Minneapolis, MN",USA,MN,"Minneapolis, MN",55407,US,98846,"$2,983"
"Minneapolis, MN",USA,MN,"Minneapolis, MN",55407,US,98638,"$3,352"
"Minneapolis, MN",USA,MN,"Minneapolis, MN",55407,US,98467,"$3,193"
"Minneapolis, MN",USA,MN,"Minneapolis, MN",55407,US,98433,"$3,209"
"Minneapolis, MN",USA,MN,"Minneapolis, MN",55407,US,98349,"$3,220"
"Minneapolis, MN",USA,MN,"Minneapolis, MN",55407,US,98315,"$3,236"
"Minneapolis, MN",USA,MN,"Minneapolis, MN",55407,US,98305,"$3,380"
"Minneapolis, MN",USA,MN,"Minneapolis, MN",55407,US,98240,"$3,298"
"Minneapolis, MN",USA,MN,"Minneapolis, MN",55407,US,98199,"$3,176"
"Minneapolis, MN",USA,MN,"Minneapolis, MN",55407,US,98148,"$3,176"
"Minneapolis, MN",USA,MN,"Minneapolis, MN",55407,US,98057,"$3,164"
"Minneapolis, MN",USA,MN,"Minneapolis, MN",55407,US,97903,"$3,025"
"Minneapolis, MN",USA,MN,"Minneapolis, MN",55407,US,97842,"$3,259"
"Minneapolis, MN",USA,MN,"Minneapolis, MN",55407,US,97812,"$3,076"
"Minneapolis, MN",USA,MN,"Minneapolis, MN",55407,US,97638,"$3,314"
"Minneapolis, MN",USA,MN,"Minneapolis, MN",55407,US,97630,"$3,326"
"Minneapolis, MN",USA,MN,"Minneapolis, MN",55407,US,97523,"$3,602"
"Minneapolis, MN",USA,MN,"Minneapolis, MN",55407,US,97439,"$3,474"
"Minneapolis, MN",USA,MN,"Minneapolis, MN",55407,US,97325,"$3,327"
"Minneapolis, MN",USA,MN,"Minneapolis, MN",55407,US,97205,"$3,258"
"Minneapolis, MN",USA,MN,"Minneapolis, MN",55407,US,97028,"$3,228"
"Minneapolis, MN",USA,MN,"Minneapolis, MN",55407,US,96145,"$3,431"
"Minneapolis, MN",USA,MN,"Minneapolis, MN",55407,US,96104,"$3,408"
"Minneapolis, MN",USA,MN,"Minneapolis, MN",55407,US,95758,"$3,552"
"Minneapolis, MN",USA,MN,"Minneapolis, MN",55407,US,95746,"$3,513"
"Minneapolis, MN",USA,MN,"Minneapolis, MN",55407,US,95560,"$3,810"
"Minneapolis, MN",USA,MN,"Minneapolis, MN",55407,US,95445,"$3,746"
"Minneapolis, MN",USA,MN,"Minneapolis, MN",55407,US,95370,"$3,670"
"Minneapolis, MN",USA,MN,"Minneapolis, MN",55407,US,95257,"$3,605"
"Minneapolis, MN",USA,MN,"Minneapolis, MN",55407,US,95120,"$3,694"
"Minneapolis, MN",USA,MN,"Minneapolis, MN",55407,US,95035,"$3,685"
"Minneapolis, MN",USA,MN,"Minneapolis, MN",55407,US,94533,"$3,588"
"Minneapolis, MN",USA,MN,"Minneapolis, MN",55407,US,94531,"$3,626"
"Minneapolis, MN",USA,MN,"Minneapolis, MN",55407,US,94401,"$3,665"
"Minneapolis, MN",USA,MN,"Minneapolis, MN",55407,US,93727,"$3,662"
"Minneapolis, MN",USA,MN,"Minneapolis, MN",55407,US,93631,"$3,635"
"Minneapolis, MN",USA,MN,"Minneapolis, MN",55407,US,93608,"$3,679"
"Minneapolis, MN",USA,MN,"Minneapolis, MN",55407,US,93274,"$3,604"
"Minneapolis, MN",USA,MN,"Minneapolis, MN",55407,US,93239,"$3,620"
"Minneapolis, MN",USA,MN,"Minneapolis, MN",55407,US,93207,"$3,612"
"Minneapolis, MN",USA,MN,"Minneapolis, MN",55407,US,93063,"$3,543"
"Minneapolis, MN",USA,MN,"Minneapolis, MN",55407,US,93043,"$3,579"
"Minneapolis, MN",USA,MN,"Minneapolis, MN",55407,US,92802,"$3,501"
"Minneapolis, MN",USA,MN,"Minneapolis, MN",55407,US,92630,"$3,506"
"Minneapolis, MN",USA,MN,"Minneapolis, MN",55407,US,92626,"$3,508"
"Minneapolis, MN",USA,MN,"Minneapolis, MN",55407,US,92561,"$3,520"
"Minneapolis, MN",USA,MN,"Minneapolis, MN",55407,US,92555,"$3,478"
"Minneapolis, MN",USA,MN,"Minneapolis, MN",55407,US,92335,"$3,451"
"Minneapolis, MN",USA,MN,"Minneapolis, MN",55407,US,92282,"$3,515"
"Minneapolis, MN",USA,MN,"Minneapolis, MN",55407,US,91962,"$3,619"
"Minneapolis, MN",USA,MN,"Minneapolis, MN",55407,US,91911,"$3,593"
"Minneapolis, MN",USA,MN,"Minneapolis, MN",55407,US,91405,"$3,520"
"Minneapolis, MN",USA,MN,"Minneapolis, MN",55407,US,91210,"$3,503"
"Minneapolis, MN",USA,MN,"Minneapolis, MN",55407,US,91105,"$3,497"
"Minneapolis, MN",USA,MN,"Minneapolis, MN",55407,US,90266,"$3,529"
"Minneapolis, MN",USA,MN,"Minneapolis, MN",55407,US,90043,"$3,517"
"Minneapolis, MN",USA,MN,"Minneapolis, MN",55407,US,90005,"$3,512"
"Minneapolis, MN",USA,MN,"Minneapolis, MN",55407,US,90003,"$3,519"
"Minneapolis, MN",USA,MN,"Minneapolis, MN",55407,US,89419,"$3,253"
"Minneapolis, MN",USA,MN,"Minneapolis, MN",55407,US,89120,"$3,174"
"Minneapolis, MN",USA,MN,"Minneapolis, MN",55407,US,89040,"$3,108"
"Minneapolis, MN",USA,MN,"Minneapolis, MN",55407,US,88203,"$2,618"
"Minneapolis, MN",USA,MN,"Minneapolis, MN",55407,US,88048,"$2,769"
"Minneapolis, MN",USA,MN,"Minneapolis, MN",55407,US,88012,"$2,739"
"Minneapolis, MN",USA,MN,"Minneapolis, MN",55407,US,87831,"$2,699"
"Minneapolis, MN",USA,MN,"Minneapolis, MN",55407,US,87711,"$2,454"
"Minneapolis, MN",USA,MN,"Minneapolis, MN",55407,US,87124,"$2,585"
"Minneapolis, MN",USA,MN,"Minneapolis, MN",55407,US,87108,"$2,562"
"Minneapolis, MN",USA,MN,"Minneapolis, MN",55407,US,87064,"$2,654"
"Minneapolis, MN",USA,MN,"Minneapolis, MN",55407,US,87010,"$2,573"
"Minneapolis, MN",USA,MN,"Minneapolis, MN",55407,US,86032,"$2,906"
"Minneapolis, MN",USA,MN,"Minneapolis, MN",55407,US,85933,"$2,954"
"Minneapolis, MN",USA,MN,"Minneapolis, MN",55407,US,85716,"$3,123"
"Minneapolis, MN",USA,MN,"Minneapolis, MN",55407,US,85705,"$3,130"
"Minneapolis, MN",USA,MN,"Minneapolis, MN",55407,US,85361,"$3,238"
"Minneapolis, MN",USA,MN,"Minneapolis, MN",55407,US,85331,"$3,189"
"Minneapolis, MN",USA,MN,"Minneapolis, MN",55407,US,85264,"$3,095"
"Minneapolis, MN",USA,MN,"Minneapolis, MN",55407,US,84656,"$2,794"
"Minneapolis, MN",USA,MN,"Minneapolis, MN",55407,US,84606,"$2,711"
"Minneapolis, MN",USA,MN,"Minneapolis, MN",55407,US,84537,"$2,737"
"Minneapolis, MN",USA,MN,"Minneapolis, MN",55407,US,84535,"$2,697"
"Minneapolis, MN",USA,MN,"Minneapolis, MN",55407,US,84521,"$2,717"
"Minneapolis, MN",USA,MN,"Minneapolis, MN",55407,US,84033,"$2,621"
"Minneapolis, MN",USA,MN,"Minneapolis, MN",55407,US,83666,"$2,837"
"Minneapolis, MN",USA,MN,"Minneapolis, MN",55407,US,83238,"$2,634"
"Minneapolis, MN",USA,MN,"Minneapolis, MN",55407,US,83011,"$2,394"
"Minneapolis, MN",USA,MN,"Minneapolis, MN",55407,US,82834,"$1,878"
"Minneapolis, MN",USA,MN,"Minneapolis, MN",55407,US,82432,"$2,038"
"Minneapolis, MN",USA,MN,"Minneapolis, MN",55407,US,82423,"$2,099"
"Minneapolis, MN",USA,MN,"Minneapolis, MN",55407,US,81243,"$2,509"
"Minneapolis, MN",USA,MN,"Minneapolis, MN",55407,US,81233,"$2,326"
"Minneapolis, MN",USA,MN,"Minneapolis, MN",55407,US,80809,"$2,232"
"Minneapolis, MN",USA,MN,"Minneapolis, MN",55407,US,80746,"$1,863"
"Minneapolis, MN",USA,MN,"Minneapolis, MN",55407,US,80624,"$2,043"
"Minneapolis, MN",USA,MN,"Minneapolis, MN",55407,US,80511,"$2,142"
"Minneapolis, MN",USA,MN,"Minneapolis, MN",55407,US,80435,"$2,194"
"Minneapolis, MN",USA,MN,"Minneapolis, MN",55407,US,80422,"$2,149"
"Minneapolis, MN",USA,MN,"Minneapolis, MN",55407,US,80228,"$2,115"
"Minneapolis, MN",USA,MN,"Minneapolis, MN",55407,US,80223,"$2,098"
"Minneapolis, MN",USA,MN,"Minneapolis, MN",55407,US,80124,"$2,137"
"Minneapolis, MN",USA,MN,"Minneapolis, MN",55407,US,80010,"$2,095"
"Minneapolis, MN",USA,MN,"Minneapolis, MN",55407,US,79908,"$2,779"
"Minneapolis, MN",USA,MN,"Minneapolis, MN",55407,US,79705,"$2,561"
"Minneapolis, MN",USA,MN,"Minneapolis, MN",55407,US,79560,"$2,348"
"Minneapolis, MN",USA,MN,"Minneapolis, MN",55407,US,79379,"$2,537"
"Minneapolis, MN",USA,MN,"Minneapolis, MN",55407,US,79105,"$2,297"
"Minneapolis, MN",USA,MN,"Minneapolis, MN",55407,US,78861,"$2,604"
"Minneapolis, MN",USA,MN,"Minneapolis, MN",55407,US,78609,"$2,465"
"Minneapolis, MN",USA,MN,"Minneapolis, MN",55407,US,78537,"$2,884"
"Minneapolis, MN",USA,MN,"Minneapolis, MN",55407,US,78419,"$2,762"
"Minneapolis, MN",USA,MN,"Minneapolis, MN",55407,US,78351,"$2,745"
"Minneapolis, MN",USA,MN,"Minneapolis, MN",55407,US,78254,"$2,565"
"Minneapolis, MN",USA,MN,"Minneapolis, MN",55407,US,78237,"$2,555"
"Minneapolis, MN",USA,MN,"Minneapolis, MN",55407,US,78231,"$2,546"
"Minneapolis, MN",USA,MN,"Minneapolis, MN",55407,US,78202,"$2,545"
"Minneapolis, MN",USA,MN,"Minneapolis, MN",55407,US,78006,"$2,573"
"Minneapolis, MN",USA,MN,"Minneapolis, MN",55407,US,77974,"$2,588"
"Minneapolis, MN",USA,MN,"Minneapolis, MN",55407,US,77705,"$2,469"
"Minneapolis, MN",USA,MN,"Minneapolis, MN",55407,US,77660,"$2,421"
"Minneapolis, MN",USA,MN,"Minneapolis, MN",55407,US,77622,"$2,587"
"Minneapolis, MN",USA,MN,"Minneapolis, MN",55407,US,77617,"$2,617"
"Minneapolis, MN",USA,MN,"Minneapolis, MN",55407,US,77585,"$2,442"
"Minneapolis, MN",USA,MN,"Minneapolis, MN",55407,US,77092,"$2,490"
"Minneapolis, MN",USA,MN,"Minneapolis, MN",55407,US,77087,"$2,512"
"Minneapolis, MN",USA,MN,"Minneapolis, MN",55407,US,77074,"$2,507"
"Minneapolis, MN",USA,MN,"Minneapolis, MN",55407,US,77065,"$2,487"
"Minneapolis, MN",USA,MN,"Minneapolis, MN",55407,US,77017,"$2,513"
"Minneapolis, MN",USA,MN,"Minneapolis, MN",55407,US,76953,"$2,444"
"Minneapolis, MN",USA,MN,"Minneapolis, MN",55407,US,76872,"$2,464"
"Minneapolis, MN",USA,MN,"Minneapolis, MN",55407,US,76598,"$2,336"
"Minneapolis, MN",USA,MN,"Minneapolis, MN",55407,US,76528,"$2,338"
"Minneapolis, MN",USA,MN,"Minneapolis, MN",55407,US,76466,"$2,342"
"Minneapolis, MN",USA,MN,"Minneapolis, MN",55407,US,76093,"$2,226"
"Minneapolis, MN",USA,MN,"Minneapolis, MN",55407,US,76041,"$2,196"
"Minneapolis, MN",USA,MN,"Minneapolis, MN",55407,US,75966,"$2,383"
"Minneapolis, MN",USA,MN,"Minneapolis, MN",55407,US,75937,"$2,310"
"Minneapolis, MN",USA,MN,"Minneapolis, MN",55407,US,75790,"$2,170"
"Minneapolis, MN",USA,MN,"Minneapolis, MN",55407,US,75701,"$2,186"
"Minneapolis, MN",USA,MN,"Minneapolis, MN",55407,US,75668,"$2,125"
"Minneapolis, MN",USA,MN,"Minneapolis, MN",55407,US,75409,"$2,069"
"Minneapolis, MN",USA,MN,"Minneapolis, MN",55407,US,75209,"$2,135"
"Minneapolis, MN",USA,MN,"Minneapolis, MN",55407,US,75149,"$2,142"
"Minneapolis, MN",USA,MN,"Minneapolis, MN",55407,US,75119,"$2,190"
"Minneapolis, MN",USA,MN,"Minneapolis, MN",55407,US,75009,"$2,080"
"Minneapolis, MN",USA,MN,"Minneapolis, MN",55407,US,74804,"$1,907"
"Minneapolis, MN",USA,MN,"Minneapolis, MN",55407,US,74452,"$1,730"
"Minneapolis, MN",USA,MN,"Minneapolis, MN",55407,US,74450,"$1,799"
"Minneapolis, MN",USA,MN,"Minneapolis, MN",55407,US,74052,"$1,813"
"Minneapolis, MN",USA,MN,"Minneapolis, MN",55407,US,74041,"$1,775"
"Minneapolis, MN",USA,MN,"Minneapolis, MN",55407,US,73855,"$1,963"
"Minneapolis, MN",USA,MN,"Minneapolis, MN",55407,US,73537,"$2,155"
"Minneapolis, MN",USA,MN,"Minneapolis, MN",55407,US,73456,"$2,086"
"Minneapolis, MN",USA,MN,"Minneapolis, MN",55407,US,73103,"$1,893"
"Minneapolis, MN",USA,MN,"Minneapolis, MN",55407,US,73095,"$1,961"
"Minneapolis, MN",USA,MN,"Minneapolis, MN",55407,US,73003,"$1,872"
"Minneapolis, MN",USA,MN,"Minneapolis, MN",55407,US,72682,"$1,753"
"Minneapolis, MN",USA,MN,"Minneapolis, MN",55407,US,72583,"$1,823"
"Minneapolis, MN",USA,MN,"Minneapolis, MN",55407,US,72414,"$1,860"
"Minneapolis, MN",USA,MN,"Minneapolis, MN",55407,US,72379,"$2,099"
"Minneapolis, MN",USA,MN,"Minneapolis, MN",55407,US,72132,"$2,035"
"Minneapolis, MN",USA,MN,"Minneapolis, MN",55407,US,72086,"$2,030"
"Minneapolis, MN",USA,MN,"Minneapolis, MN",55407,US,71959,"$2,042"
"Minneapolis, MN",USA,MN,"Minneapolis, MN",55407,US,71859,"$2,059"
"Minneapolis, MN",USA,MN,"Minneapolis, MN",55407,US,71835,"$2,154"
"Minneapolis, MN",USA,MN,"Minneapolis, MN",55407,US,71675,"$2,144"
"Minneapolis, MN",USA,MN,"Minneapolis, MN",55407,US,71465,"$2,344"
"Minneapolis, MN",USA,MN,"Minneapolis, MN",55407,US,71367,"$2,481"
"Minneapolis, MN",USA,MN,"Minneapolis, MN",55407,US,71345,"$2,497"
"Minneapolis, MN",USA,MN,"Minneapolis, MN",55407,US,71256,"$2,235"
"Minneapolis, MN",USA,MN,"Minneapolis, MN",55407,US,71241,"$2,254"
"Minneapolis, MN",USA,MN,"Minneapolis, MN",55407,US,71110,"$2,225"
"Minneapolis, MN",USA,MN,"Minneapolis, MN",55407,US,71073,"$2,303"
"Minneapolis, MN",USA,MN,"Minneapolis, MN",55407,US,71037,"$2,236"
"Minneapolis, MN",USA,MN,"Minneapolis, MN",55407,US,71030,"$2,254"
"Minneapolis, MN",USA,MN,"Minneapolis, MN",55407,US,71029,"$2,176"
"Minneapolis, MN",USA,MN,"Minneapolis, MN",55407,US,70778,"$2,527"
"Minneapolis, MN",USA,MN,"Minneapolis, MN",55407,US,70715,"$2,518"
"Minneapolis, MN",USA,MN,"Minneapolis, MN",55407,US,70433,"$2,487"
"Minneapolis, MN",USA,MN,"Minneapolis, MN",55407,US,70373,"$2,572"
"Minneapolis, MN",USA,MN,"Minneapolis, MN",55407,US,69350,"$1,607"
"Minneapolis, MN",USA,MN,"Minneapolis, MN",55407,US,69337,"$1,619"
"Minneapolis, MN",USA,MN,"Minneapolis, MN",55407,US,69162,"$1,864"
"Minneapolis, MN",USA,MN,"Minneapolis, MN",55407,US,69150,"$1,767"
"Minneapolis, MN",USA,MN,"Minneapolis, MN",55407,US,69024,"$1,696"
"Minneapolis, MN",USA,MN,"Minneapolis, MN",55407,US,68849,"$1,490"
"Minneapolis, MN",USA,MN,"Minneapolis, MN",55407,US,68655,"$1,234"
"Minneapolis, MN",USA,MN,"Minneapolis, MN",55407,US,68601,"$1,173"
"Minneapolis, MN",USA,MN,"Minneapolis, MN",55407,US,68360,"$1,279"
"Minneapolis, MN",USA,MN,"Minneapolis, MN",55407,US,68348,"$1,295"
"Minneapolis, MN",USA,MN,"Minneapolis, MN",55407,US,68301,"$1,289"
"Minneapolis, MN",USA,MN,"Minneapolis, MN",55407,US,68046,"$1,155"
"Minneapolis, MN",USA,MN,"Minneapolis, MN",55407,US,68030,$942
"Minneapolis, MN",USA,MN,"Minneapolis, MN",55407,US,67736,"$1,871"
"Minneapolis, MN",USA,MN,"Minneapolis, MN",55407,US,67674,"$1,719"
"Minneapolis, MN",USA,MN,"Minneapolis, MN",55407,US,67457,"$1,660"
"Minneapolis, MN",USA,MN,"Minneapolis, MN",55407,US,67149,"$1,675"
"Minneapolis, MN",USA,MN,"Minneapolis, MN",55407,US,67104,"$1,782"
"Minneapolis, MN",USA,MN,"Minneapolis, MN",55407,US,67012,"$1,603"
"Minneapolis, MN",USA,MN,"Minneapolis, MN",55407,US,66968,"$1,417"
"Minneapolis, MN",USA,MN,"Minneapolis, MN",55407,US,66958,"$1,420"
"Minneapolis, MN",USA,MN,"Minneapolis, MN",55407,US,66736,"$1,563"
"Minneapolis, MN",USA,MN,"Minneapolis, MN",55407,US,66701,"$1,437"
"Minneapolis, MN",USA,MN,"Minneapolis, MN",55407,US,66544,"$1,391"
"Minneapolis, MN",USA,MN,"Minneapolis, MN",55407,US,66104,"$1,267"
"Minneapolis, MN",USA,MN,"Minneapolis, MN",55407,US,66043,"$1,303"
"Minneapolis, MN",USA,MN,"Minneapolis, MN",55407,US,65735,"$1,479"
"Minneapolis, MN",USA,MN,"Minneapolis, MN",55407,US,65686,"$1,641"
"Minneapolis, MN",USA,MN,"Minneapolis, MN",55407,US,65631,"$1,604"
"Minneapolis, MN",USA,MN,"Minneapolis, MN",55407,US,65566,"$1,584"
"Minneapolis, MN",USA,MN,"Minneapolis, MN",55407,US,65542,"$1,581"
"Minneapolis, MN",USA,MN,"Minneapolis, MN",55407,US,65280,"$1,327"
"Minneapolis, MN",USA,MN,"Minneapolis, MN",55407,US,65275,"$1,285"
"Minneapolis, MN",USA,MN,"Minneapolis, MN",55407,US,65274,"$1,436"
"Minneapolis, MN",USA,MN,"Minneapolis, MN",55407,US,65052,"$1,507"
"Minneapolis, MN",USA,MN,"Minneapolis, MN",55407,US,65047,"$1,489"
"Minneapolis, MN",USA,MN,"Minneapolis, MN",55407,US,64843,"$1,589"
"Minneapolis, MN",USA,MN,"Minneapolis, MN",55407,US,64747,"$1,346"
"Minneapolis, MN",USA,MN,"Minneapolis, MN",55407,US,64653,"$1,194"
"Minneapolis, MN",USA,MN,"Minneapolis, MN",55407,US,64456,"$1,090"
"Minneapolis, MN",USA,MN,"Minneapolis, MN",55407,US,64449,"$1,263"
"Minneapolis, MN",USA,MN,"Minneapolis, MN",55407,US,64423,"$1,220"
"Minneapolis, MN",USA,MN,"Minneapolis, MN",55407,US,64156,"$1,239"
"Minneapolis, MN",USA,MN,"Minneapolis, MN",55407,US,64154,"$1,258"
"Minneapolis, MN",USA,MN,"Minneapolis, MN",55407,US,64129,"$1,260"
"Minneapolis, MN",USA,MN,"Minneapolis, MN",55407,US,64097,"$1,291"
"Minneapolis, MN",USA,MN,"Minneapolis, MN",55407,US,64029,"$1,276"
"Minneapolis, MN",USA,MN,"Minneapolis, MN",55407,US,63868,"$1,695"
"Minneapolis, MN",USA,MN,"Minneapolis, MN",55407,US,63848,"$1,762"
"Minneapolis, MN",USA,MN,"Minneapolis, MN",55407,US,63539,"$1,231"
"Minneapolis, MN",USA,MN,"Minneapolis, MN",55407,US,63434,"$1,259"
"Minneapolis, MN",USA,MN,"Minneapolis, MN",55407,US,63344,"$1,308"
"Minneapolis, MN",USA,MN,"Minneapolis, MN",55407,US,63107,"$1,443"
"Minneapolis, MN",USA,MN,"Minneapolis, MN",55407,US,63052,"$1,460"
"Minneapolis, MN",USA,MN,"Minneapolis, MN",55407,US,63039,"$1,438"
"Minneapolis, MN",USA,MN,"Minneapolis, MN",55407,US,62832,"$1,601"
"Minneapolis, MN",USA,MN,"Minneapolis, MN",55407,US,62711,"$1,448"
"Minneapolis, MN",USA,MN,"Minneapolis, MN",55407,US,62573,"$1,398"
"Minneapolis, MN",USA,MN,"Minneapolis, MN",55407,US,62558,"$1,462"
"Minneapolis, MN",USA,MN,"Minneapolis, MN",55407,US,62427,"$1,620"
"Minneapolis, MN",USA,MN,"Minneapolis, MN",55407,US,62265,"$1,499"
"Minneapolis, MN",USA,MN,"Minneapolis, MN",55407,US,61949,"$1,506"
"Minneapolis, MN",USA,MN,"Minneapolis, MN",55407,US,61818,"$1,409"
"Minneapolis, MN",USA,MN,"Minneapolis, MN",55407,US,61476,"$1,126"
"Minneapolis, MN",USA,MN,"Minneapolis, MN",55407,US,61313,"$1,259"
"Minneapolis, MN",USA,MN,"Minneapolis, MN",55407,US,61285,$995
"Minneapolis, MN",USA,MN,"Minneapolis, MN",55407,US,61080,"$1,012"
"Minneapolis, MN",USA,MN,"Minneapolis, MN",55407,US,60585,"$1,191"
"Minneapolis, MN",USA,MN,"Minneapolis, MN",55407,US,60460,"$1,307"
"Minneapolis, MN",USA,MN,"Minneapolis, MN",55407,US,60146,"$1,090"
"Minneapolis, MN",USA,MN,"Minneapolis, MN",55407,US,60130,"$1,197"
"Minneapolis, MN",USA,MN,"Minneapolis, MN",55407,US,60098,"$1,076"
"Minneapolis, MN",USA,MN,"Minneapolis, MN",55407,US,60041,"$1,105"
"Minneapolis, MN",USA,MN,"Minneapolis, MN",55407,US,59931,"$2,650"
"Minneapolis, MN",USA,MN,"Minneapolis, MN",55407,US,59756,"$2,369"
"Minneapolis, MN",USA,MN,"Minneapolis, MN",55407,US,59469,"$2,219"
"Minneapolis, MN",USA,MN,"Minneapolis, MN",55407,US,59225,"$1,818"
"Minneapolis, MN",USA,MN,"Minneapolis, MN",55407,US,59212,"$1,701"
"Minneapolis, MN",USA,MN,"Minneapolis, MN",55407,US,59002,"$2,009"
"Minneapolis, MN",USA,MN,"Minneapolis, MN",55407,US,58744,"$1,336"
"Minneapolis, MN",USA,MN,"Minneapolis, MN",55407,US,58545,"$1,384"
"Minneapolis, MN",USA,MN,"Minneapolis, MN",55407,US,58463,"$1,266"
"Minneapolis, MN",USA,MN,"Minneapolis, MN",55407,US,58365,"$1,311"
"Minneapolis, MN",USA,MN,"Minneapolis, MN",55407,US,58222,"$1,144"
"Minneapolis, MN",USA,MN,"Minneapolis, MN",55407,US,58005,$868
"Minneapolis, MN",USA,MN,"Minneapolis, MN",55407,US,57783,"$1,599"
"Minneapolis, MN",USA,MN,"Minneapolis, MN",55407,US,57579,"$1,305"
"Minneapolis, MN",USA,MN,"Minneapolis, MN",55407,US,57420,"$1,110"
"Minneapolis, MN",USA,MN,"Minneapolis, MN",55407,US,57329,"$1,077"
"Minneapolis, MN",USA,MN,"Minneapolis, MN",55407,US,57201,$753
"Minneapolis, MN",USA,MN,"Minneapolis, MN",55407,US,57070,$919
"Minneapolis, MN",USA,MN,"Minneapolis, MN",55407,US,57055,$816
"Minneapolis, MN",USA,MN,"Minneapolis, MN",55407,US,56748,$937
"Minneapolis, MN",USA,MN,"Minneapolis, MN",55407,US,56588,$707
"Minneapolis, MN",USA,MN,"Minneapolis, MN",55407,US,56514,$769
"Minneapolis, MN",USA,MN,"Minneapolis, MN",55407,US,56166,$579
"Minneapolis, MN",USA,MN,"Minneapolis, MN",55407,US,56068,$465
"Minneapolis, MN",USA,MN,"Minneapolis, MN",55407,US,56051,$522
"Minneapolis, MN",USA,MN,"Minneapolis, MN",55407,US,55905,$399
"Minneapolis, MN",USA,MN,"Minneapolis, MN",55407,US,55605,$978
"Minneapolis, MN",USA,MN,"Minneapolis, MN",55407,US,55439,$111
"Minneapolis, MN",USA,MN,"Minneapolis, MN",55407,US,55360,$235
"Minneapolis, MN",USA,MN,"Minneapolis, MN",55407,US,55359,$173
"Minneapolis, MN",USA,MN,"Minneapolis, MN",55407,US,55310,$424
"Minneapolis, MN",USA,MN,"Minneapolis, MN",55407,US,55150,$80
"Minneapolis, MN",USA,MN,"Minneapolis, MN",55407,US,55018,$287
"Minneapolis, MN",USA,MN,"Minneapolis, MN",55407,US,54971,$886
"Minneapolis, MN",USA,MN,"Minneapolis, MN",55407,US,54767,$323
"Minneapolis, MN",USA,MN,"Minneapolis, MN",55407,US,54634,$745
"Minneapolis, MN",USA,MN,"Minneapolis, MN",55407,US,54630,$657
"Minneapolis, MN",USA,MN,"Minneapolis, MN",55407,US,54624,$688
"Minneapolis, MN",USA,MN,"Minneapolis, MN",55407,US,54611,$560
"Minneapolis, MN",USA,MN,"Minneapolis, MN",55407,US,54514,$741
"Minneapolis, MN",USA,MN,"Minneapolis, MN",55407,US,54433,$588
"Minneapolis, MN",USA,MN,"Minneapolis, MN",55407,US,54217,$963
"Minneapolis, MN",USA,MN,"Minneapolis, MN",55407,US,54135,$862
"Minneapolis, MN",USA,MN,"Minneapolis, MN",55407,US,54011,$271
"Minneapolis, MN",USA,MN,"Minneapolis, MN",55407,US,54002,$277
"Minneapolis, MN",USA,MN,"Minneapolis, MN",55407,US,53939,$886
"Minneapolis, MN",USA,MN,"Minneapolis, MN",55407,US,53913,$806
"Minneapolis, MN",USA,MN,"Minneapolis, MN",55407,US,53541,$987
"Minneapolis, MN",USA,MN,"Minneapolis, MN",55407,US,53182,"$1,093"
"Minneapolis, MN",USA,MN,"Minneapolis, MN",55407,US,53144,"$1,119"
"Minneapolis, MN",USA,MN,"Minneapolis, MN",55407,US,53058,"$1,005"
"Minneapolis, MN",USA,MN,"Minneapolis, MN",55407,US,52658,"$1,117"
"Minneapolis, MN",USA,MN,"Minneapolis, MN",55407,US,52651,"$1,127"
"Minneapolis, MN",USA,MN,"Minneapolis, MN",55407,US,52362,$934
"Minneapolis, MN",USA,MN,"Minneapolis, MN",55407,US,52359,$985
"Minneapolis, MN",USA,MN,"Minneapolis, MN",55407,US,52163,$631
"Minneapolis, MN",USA,MN,"Minneapolis, MN",55407,US,51029,$816
"Minneapolis, MN",USA,MN,"Minneapolis, MN",55407,US,50671,$762
"Minneapolis, MN",USA,MN,"Minneapolis, MN",55407,US,50670,$736
"Minneapolis, MN",USA,MN,"Minneapolis, MN",55407,US,50602,$706
"Minneapolis, MN",USA,MN,"Minneapolis, MN",55407,US,50532,$744
"Minneapolis, MN",USA,MN,"Minneapolis, MN",55407,US,50324,$850
"Minneapolis, MN",USA,MN,"Minneapolis, MN",55407,US,50222,$929
"Minneapolis, MN",USA,MN,"Minneapolis, MN",55407,US,50216,$929
"Minneapolis, MN",USA,MN,"Minneapolis, MN",55407,US,50134,$786
"Minneapolis, MN",USA,MN,"Minneapolis, MN",55407,US,49942,"$1,156"
"Minneapolis, MN",USA,MN,"Minneapolis, MN",55407,US,49908,"$1,101"
"Minneapolis, MN",USA,MN,"Minneapolis, MN",55407,US,49901,"$1,157"
"Minneapolis, MN",USA,MN,"Minneapolis, MN",55407,US,49873,"$1,125"
"Minneapolis, MN",USA,MN,"Minneapolis, MN",55407,US,49338,"$1,701"
"Minneapolis, MN",USA,MN,"Minneapolis, MN",55407,US,49251,"$1,622"
"Minneapolis, MN",USA,MN,"Minneapolis, MN",55407,US,49202,"$1,603"
"Minneapolis, MN",USA,MN,"Minneapolis, MN",55407,US,49127,"$1,390"
"Minneapolis, MN",USA,MN,"Minneapolis, MN",55407,US,49014,"$1,531"
"Minneapolis, MN",USA,MN,"Minneapolis, MN",55407,US,48848,"$1,660"
"Minneapolis, MN",USA,MN,"Minneapolis, MN",55407,US,48813,"$1,587"
"Minneapolis, MN",USA,MN,"Minneapolis, MN",55407,US,48667,"$1,745"
"Minneapolis, MN",USA,MN,"Minneapolis, MN",55407,US,48651,"$1,605"
"Minneapolis, MN",USA,MN,"Minneapolis, MN",55407,US,48312,"$1,754"
"Minneapolis, MN",USA,MN,"Minneapolis, MN",55407,US,48157,"$1,694"
"Minneapolis, MN",USA,MN,"Minneapolis, MN",55407,US,48137,"$1,647"
"Minneapolis, MN",USA,MN,"Minneapolis, MN",55407,US,48096,"$1,793"
"Minneapolis, MN",USA,MN,"Minneapolis, MN",55407,US,48088,"$1,753"
"Minneapolis, MN",USA,MN,"Minneapolis, MN",55407,US,48085,"$1,754"
"Minneapolis, MN",USA,MN,"Minneapolis, MN",55407,US,47975,"$1,419"
"Minneapolis, MN",USA,MN,"Minneapolis, MN",55407,US,47952,"$1,527"
"Minneapolis, MN",USA,MN,"Minneapolis, MN",55407,US,47715,"$1,778"
"Minneapolis, MN",USA,MN,"Minneapolis, MN",55407,US,47613,"$1,753"
"Minneapolis, MN",USA,MN,"Minneapolis, MN",55407,US,47465,"$1,658"
"Minneapolis, MN",USA,MN,"Minneapolis, MN",55407,US,47443,"$1,664"
"Minneapolis, MN",USA,MN,"Minneapolis, MN",55407,US,47325,"$1,678"
"Minneapolis, MN",USA,MN,"Minneapolis, MN",55407,US,47324,"$1,691"
"Minneapolis, MN",USA,MN,"Minneapolis, MN",55407,US,47272,"$1,634"
"Minneapolis, MN",USA,MN,"Minneapolis, MN",55407,US,47147,"$1,728"
"Minneapolis, MN",USA,MN,"Minneapolis, MN",55407,US,46986,"$1,545"
"Minneapolis, MN",USA,MN,"Minneapolis, MN",55407,US,46941,"$1,522"
"Minneapolis, MN",USA,MN,"Minneapolis, MN",55407,US,46809,"$1,533"
"Minneapolis, MN",USA,MN,"Minneapolis, MN",55407,US,46797,"$1,560"
"Minneapolis, MN",USA,MN,"Minneapolis, MN",55407,US,46760,"$1,479"
"Minneapolis, MN",USA,MN,"Minneapolis, MN",55407,US,46742,"$1,535"
"Minneapolis, MN",USA,MN,"Minneapolis, MN",55407,US,46730,"$1,513"
"Minneapolis, MN",USA,MN,"Minneapolis, MN",55407,US,46532,"$1,368"
"Minneapolis, MN",USA,MN,"Minneapolis, MN",55407,US,45836,"$1,683"
"Minneapolis, MN",USA,MN,"Minneapolis, MN",55407,US,45684,"$1,900"
"Minneapolis, MN",USA,MN,"Minneapolis, MN",55407,US,45679,"$1,859"
"Minneapolis, MN",USA,MN,"Minneapolis, MN",55407,US,45344,"$1,763"
"Minneapolis, MN",USA,MN,"Minneapolis, MN",55407,US,45332,"$1,695"
"Minneapolis, MN",USA,MN,"Minneapolis, MN",55407,US,45249,"$1,772"
"Minneapolis, MN",USA,MN,"Minneapolis, MN",55407,US,45229,"$1,758"
"Minneapolis, MN",USA,MN,"Minneapolis, MN",55407,US,45069,"$1,764"
"Minneapolis, MN",USA,MN,"Minneapolis, MN",55407,US,45064,"$1,729"
"Minneapolis, MN",USA,MN,"Minneapolis, MN",55407,US,45039,"$1,783"
"Minneapolis, MN",USA,MN,"Minneapolis, MN",55407,US,44632,"$1,915"
"Minneapolis, MN",USA,MN,"Minneapolis, MN",55407,US,44509,"$1,938"
"Minneapolis, MN",USA,MN,"Minneapolis, MN",55407,US,44417,"$1,936"
"Minneapolis, MN",USA,MN,"Minneapolis, MN",55407,US,43948,"$1,981"
"Minneapolis, MN",USA,MN,"Minneapolis, MN",55407,US,43783,"$1,940"
"Minneapolis, MN",USA,MN,"Minneapolis, MN",55407,US,43617,"$1,655"
"Minneapolis, MN",USA,MN,"Minneapolis, MN",55407,US,43555,"$1,613"
"Minneapolis, MN",USA,MN,"Minneapolis, MN",55407,US,43543,"$1,568"
"Minneapolis, MN",USA,MN,"Minneapolis, MN",55407,US,43460,"$1,670"
"Minneapolis, MN",USA,MN,"Minneapolis, MN",55407,US,43319,"$1,719"
"Minneapolis, MN",USA,MN,"Minneapolis, MN",55407,US,43240,"$1,787"
"Minneapolis, MN",USA,MN,"Minneapolis, MN",55407,US,43144,"$1,971"
"Minneapolis, MN",USA,MN,"Minneapolis, MN",55407,US,43105,"$1,905"
"Minneapolis, MN",USA,MN,"Minneapolis, MN",55407,US,42728,"$1,931"
"Minneapolis, MN",USA,MN,"Minneapolis, MN",55407,US,42722,"$1,885"
"Minneapolis, MN",USA,MN,"Minneapolis, MN",55407,US,42712,"$1,868"
"Minneapolis, MN",USA,MN,"Minneapolis, MN",55407,US,42518,"$1,982"
"Minneapolis, MN",USA,MN,"Minneapolis, MN",55407,US,42261,"$1,907"
"Minneapolis, MN",USA,MN,"Minneapolis, MN",55407,US,41519,"$2,124"
"Minneapolis, MN",USA,MN,"Minneapolis, MN",55407,US,41254,"$2,076"
"Minneapolis, MN",USA,MN,"Minneapolis, MN",55407,US,41166,"$1,932"
"Minneapolis, MN",USA,MN,"Minneapolis, MN",55407,US,41149,"$2,035"
"Minneapolis, MN",USA,MN,"Minneapolis, MN",55407,US,41043,"$1,815"
"Minneapolis, MN",USA,MN,"Minneapolis, MN",55407,US,40484,"$1,915"
"Minneapolis, MN",USA,MN,"Minneapolis, MN",55407,US,40464,"$1,902"
"Minneapolis, MN",USA,MN,"Minneapolis, MN",55407,US,40440,"$1,908"
"Minneapolis, MN",USA,MN,"Minneapolis, MN",55407,US,40356,"$1,899"
"Minneapolis, MN",USA,MN,"Minneapolis, MN",55407,US,40347,"$1,860"
"Minneapolis, MN",USA,MN,"Minneapolis, MN",55407,US,40019,"$1,810"
"Minneapolis, MN",USA,MN,"Minneapolis, MN",55407,US,40011,"$1,758"
"Minneapolis, MN",USA,MN,"Minneapolis, MN",55407,US,39530,"$2,491"
"Minneapolis, MN",USA,MN,"Minneapolis, MN",55407,US,38949,"$2,076"
"Minneapolis, MN",USA,MN,"Minneapolis, MN",55407,US,38929,"$2,095"
"Minneapolis, MN",USA,MN,"Minneapolis, MN",55407,US,38849,"$2,037"
"Minneapolis, MN",USA,MN,"Minneapolis, MN",55407,US,38736,"$2,102"
"Minneapolis, MN",USA,MN,"Minneapolis, MN",55407,US,38644,"$2,013"
"Minneapolis, MN",USA,MN,"Minneapolis, MN",55407,US,38639,"$2,051"
"Minneapolis, MN",USA,MN,"Minneapolis, MN",55407,US,38619,"$1,992"
"Minneapolis, MN",USA,MN,"Minneapolis, MN",55407,US,38611,"$1,968"
"Minneapolis, MN",USA,MN,"Minneapolis, MN",55407,US,38601,"$2,025"
"Minneapolis, MN",USA,MN,"Minneapolis, MN",55407,US,38487,"$2,129"
"Minneapolis, MN",USA,MN,"Minneapolis, MN",55407,US,38376,"$1,977"
"Minneapolis, MN",USA,MN,"Minneapolis, MN",55407,US,38368,"$1,949"
"Minneapolis, MN",USA,MN,"Minneapolis, MN",55407,US,38357,"$1,973"
"Minneapolis, MN",USA,MN,"Minneapolis, MN",55407,US,38131,"$1,930"
"Minneapolis, MN",USA,MN,"Minneapolis, MN",55407,US,38125,"$1,952"
"Minneapolis, MN",USA,MN,"Minneapolis, MN",55407,US,37724,"$2,100"
"Minneapolis, MN",USA,MN,"Minneapolis, MN",55407,US,37140,"$2,030"
"Minneapolis, MN",USA,MN,"Minneapolis, MN",55407,US,37138,"$2,051"
"Minneapolis, MN",USA,MN,"Minneapolis, MN",55407,US,37018,"$2,123"
"Minneapolis, MN",USA,MN,"Minneapolis, MN",55407,US,36849,"$2,503"
"Minneapolis, MN",USA,MN,"Minneapolis, MN",55407,US,36786,"$2,369"
"Minneapolis, MN",USA,MN,"Minneapolis, MN",55407,US,36587,"$2,485"
"Minneapolis, MN",USA,MN,"Minneapolis, MN",55407,US,36509,"$2,546"
"Minneapolis, MN",USA,MN,"Minneapolis, MN",55407,US,36301,"$2,633"
"Minneapolis, MN",USA,MN,"Minneapolis, MN",55407,US,36272,"$2,371"
"Minneapolis, MN",USA,MN,"Minneapolis, MN",55407,US,36250,"$2,411"
"Minneapolis, MN",USA,MN,"Minneapolis, MN",55407,US,36039,"$2,523"
"Minneapolis, MN",USA,MN,"Minneapolis, MN",55407,US,35905,"$2,367"
"Minneapolis, MN",USA,MN,"Minneapolis, MN",55407,US,35648,"$2,214"
"Minneapolis, MN",USA,MN,"Minneapolis, MN",55407,US,35586,"$2,169"
"Minneapolis, MN",USA,MN,"Minneapolis, MN",55407,US,35464,"$2,280"
"Minneapolis, MN",USA,MN,"Minneapolis, MN",55407,US,35401,"$2,275"
"Minneapolis, MN",USA,MN,"Minneapolis, MN",55407,US,35233,"$2,343"
"Minneapolis, MN",USA,MN,"Minneapolis, MN",55407,US,35180,"$2,310"
"Minneapolis, MN",USA,MN,"Minneapolis, MN",55407,US,34741,"$3,060"
"Minneapolis, MN",USA,MN,"Minneapolis, MN",55407,US,34667,"$3,059"
"Minneapolis, MN",USA,MN,"Minneapolis, MN",55407,US,34450,"$2,983"
"Minneapolis, MN",USA,MN,"Minneapolis, MN",55407,US,34291,"$3,171"
"Minneapolis, MN",USA,MN,"Minneapolis, MN",55407,US,34286,"$3,179"
"Minneapolis, MN",USA,MN,"Minneapolis, MN",55407,US,34219,"$3,109"
"Minneapolis, MN",USA,MN,"Minneapolis, MN",55407,US,33847,"$3,092"
"Minneapolis, MN",USA,MN,"Minneapolis, MN",55407,US,33841,"$3,100"
"Minneapolis, MN",USA,MN,"Minneapolis, MN",55407,US,33762,"$3,093"
"Minneapolis, MN",USA,MN,"Minneapolis, MN",55407,US,33620,"$3,063"
"Minneapolis, MN",USA,MN,"Minneapolis, MN",55407,US,33039,"$3,363"
"Minneapolis, MN",USA,MN,"Minneapolis, MN",55407,US,33037,"$3,420"
"Minneapolis, MN",USA,MN,"Minneapolis, MN",55407,US,32905,"$3,134"
"Minneapolis, MN",USA,MN,"Minneapolis, MN",55407,US,32681,"$2,926"
"Minneapolis, MN",USA,MN,"Minneapolis, MN",55407,US,32511,"$2,609"
"Minneapolis, MN",USA,MN,"Minneapolis, MN",55407,US,32413,"$2,729"
"Minneapolis, MN",USA,MN,"Minneapolis, MN",55407,US,32312,"$2,772"
"Minneapolis, MN",USA,MN,"Minneapolis, MN",55407,US,32266,"$2,944"
"Minneapolis, MN",USA,MN,"Minneapolis, MN",55407,US,32011,"$2,853"
"Minneapolis, MN",USA,MN,"Minneapolis, MN",55407,US,31791,"$2,687"
"Minneapolis, MN",USA,MN,"Minneapolis, MN",55407,US,31764,"$2,665"
"Minneapolis, MN",USA,MN,"Minneapolis, MN",55407,US,31721,"$2,689"
"Minneapolis, MN",USA,MN,"Minneapolis, MN",55407,US,31567,"$2,730"
"Minneapolis, MN",USA,MN,"Minneapolis, MN",55407,US,31548,"$2,862"
"Minneapolis, MN",USA,MN,"Minneapolis, MN",55407,US,31510,"$2,737"
"Minneapolis, MN",USA,MN,"Minneapolis, MN",55407,US,31415,"$2,787"
"Minneapolis, MN",USA,MN,"Minneapolis, MN",55407,US,31089,"$2,617"
"Minneapolis, MN",USA,MN,"Minneapolis, MN",55407,US,31081,"$2,578"
"Minneapolis, MN",USA,MN,"Minneapolis, MN",55407,US,31033,"$2,581"
"Minneapolis, MN",USA,MN,"Minneapolis, MN",55407,US,31002,"$2,662"
"Minneapolis, MN",USA,MN,"Minneapolis, MN",55407,US,30521,"$2,461"
"Minneapolis, MN",USA,MN,"Minneapolis, MN",55407,US,30401,"$2,687"
"Minneapolis, MN",USA,MN,"Minneapolis, MN",55407,US,30314,"$2,426"
"Minneapolis, MN",USA,MN,"Minneapolis, MN",55407,US,30184,"$2,358"
"Minneapolis, MN",USA,MN,"Minneapolis, MN",55407,US,30058,"$2,453"
"Minneapolis, MN",USA,MN,"Minneapolis, MN",55407,US,30017,"$2,459"
"Minneapolis, MN",USA,MN,"Minneapolis, MN",55407,US,29840,"$2,517"
"Minneapolis, MN",USA,MN,"Minneapolis, MN",55407,US,29628,"$2,505"
"Minneapolis, MN",USA,MN,"Minneapolis, MN",55407,US,29401,"$2,707"
"Minneapolis, MN",USA,MN,"Minneapolis, MN",55407,US,29229,"$2,566"
"Minneapolis, MN",USA,MN,"Minneapolis, MN",55407,US,29170,"$2,549"
"Minneapolis, MN",USA,MN,"Minneapolis, MN",55407,US,29138,"$2,527"
"Minneapolis, MN",USA,MN,"Minneapolis, MN",55407,US,29133,"$2,616"
"Minneapolis, MN",USA,MN,"Minneapolis, MN",55407,US,29075,"$2,512"
"Minneapolis, MN",USA,MN,"Minneapolis, MN",55407,US,28751,"$2,300"
"Minneapolis, MN",USA,MN,"Minneapolis, MN",55407,US,28719,"$2,349"
"Minneapolis, MN",USA,MN,"Minneapolis, MN",55407,US,28615,"$2,399"
"Minneapolis, MN",USA,MN,"Minneapolis, MN",55407,US,28570,"$2,759"
"Minneapolis, MN",USA,MN,"Minneapolis, MN",55407,US,28403,"$2,740"
"Minneapolis, MN",USA,MN,"Minneapolis, MN",55407,US,27891,"$2,652"
"Minneapolis, MN",USA,MN,"Minneapolis, MN",55407,US,27606,"$2,557"
"Minneapolis, MN",USA,MN,"Minneapolis, MN",55407,US,27517,"$2,526"
"Minneapolis, MN",USA,MN,"Minneapolis, MN",55407,US,27349,"$2,491"
"Minneapolis, MN",USA,MN,"Minneapolis, MN",55407,US,27306,"$2,524"
"Minneapolis, MN",USA,MN,"Minneapolis, MN",55407,US,26680,"$2,217"
"Minneapolis, MN",USA,MN,"Minneapolis, MN",55407,US,26560,"$2,207"
"Minneapolis, MN",USA,MN,"Minneapolis, MN",55407,US,26260,"$2,314"
"Minneapolis, MN",USA,MN,"Minneapolis, MN",55407,US,26230,"$2,254"
"Minneapolis, MN",USA,MN,"Minneapolis, MN",55407,US,26138,"$2,094"
"Minneapolis, MN",USA,MN,"Minneapolis, MN",55407,US,25969,"$2,193"
"Minneapolis, MN",USA,MN,"Minneapolis, MN",55407,US,25699,"$2,079"
"Minneapolis, MN",USA,MN,"Minneapolis, MN",55407,US,25611,"$2,179"
"Minneapolis, MN",USA,MN,"Minneapolis, MN",55407,US,25102,"$2,114"
"Minneapolis, MN",USA,MN,"Minneapolis, MN",55407,US,25047,"$2,130"
"Minneapolis, MN",USA,MN,"Minneapolis, MN",55407,US,24984,"$2,304"
"Minneapolis, MN",USA,MN,"Minneapolis, MN",55407,US,24550,"$2,412"
"Minneapolis, MN",USA,MN,"Minneapolis, MN",55407,US,24411,"$2,366"
"Minneapolis, MN",USA,MN,"Minneapolis, MN",55407,US,24256,"$2,181"
"Minneapolis, MN",USA,MN,"Minneapolis, MN",55407,US,24171,"$2,369"
"Minneapolis, MN",USA,MN,"Minneapolis, MN",55407,US,24072,"$2,353"
"Minneapolis, MN",USA,MN,"Minneapolis, MN",55407,US,23452,"$2,686"
"Minneapolis, MN",USA,MN,"Minneapolis, MN",55407,US,23417,"$2,645"
"Minneapolis, MN",USA,MN,"Minneapolis, MN",55407,US,23359,"$2,624"
"Minneapolis, MN",USA,MN,"Minneapolis, MN",55407,US,23126,"$2,607"
"Minneapolis, MN",USA,MN,"Minneapolis, MN",55407,US,23092,"$2,631"
"Minneapolis, MN",USA,MN,"Minneapolis, MN",55407,US,23086,"$2,582"
"Minneapolis, MN",USA,MN,"Minneapolis, MN",55407,US,22841,"$2,425"
"Minneapolis, MN",USA,MN,"Minneapolis, MN",55407,US,22204,"$2,406"
"Minneapolis, MN",USA,MN,"Minneapolis, MN",55407,US,21619,"$2,447"
"Minneapolis, MN",USA,MN,"Minneapolis, MN",55407,US,21543,"$2,200"
"Minneapolis, MN",USA,MN,"Minneapolis, MN",55407,US,21239,"$2,410"
"Minneapolis, MN",USA,MN,"Minneapolis, MN",55407,US,21208,"$2,401"
"Minneapolis, MN",USA,MN,"Minneapolis, MN",55407,US,21152,"$2,424"
"Minneapolis, MN",USA,MN,"Minneapolis, MN",55407,US,21090,"$2,407"
"Minneapolis, MN",USA,MN,"Minneapolis, MN",55407,US,20877,"$2,368"
"Minneapolis, MN",USA,MN,"Minneapolis, MN",55407,US,20861,"$2,389"
"Minneapolis, MN",USA,MN,"Minneapolis, MN",55407,US,20814,"$2,384"
"Minneapolis, MN",USA,MN,"Minneapolis, MN",55407,US,20751,"$2,448"
"Minneapolis, MN",USA,MN,"Minneapolis, MN",55407,US,20721,"$2,416"
"Minneapolis, MN",USA,MN,"Minneapolis, MN",55407,US,20701,"$2,407"
"Minneapolis, MN",USA,MN,"Minneapolis, MN",55407,US,20198,"$2,389"
"Minneapolis, MN",USA,MN,"Minneapolis, MN",55407,US,19954,"$2,516"
"Minneapolis, MN",USA,MN,"Minneapolis, MN",55407,US,19802,"$2,464"
"Minneapolis, MN",USA,MN,"Minneapolis, MN",55407,US,19124,"$2,494"
"Minneapolis, MN",USA,MN,"Minneapolis, MN",55407,US,18848,"$2,378"
"Minneapolis, MN",USA,MN,"Minneapolis, MN",55407,US,18603,"$2,336"
"Minneapolis, MN",USA,MN,"Minneapolis, MN",55407,US,18334,"$2,403"
"Minneapolis, MN",USA,MN,"Minneapolis, MN",55407,US,17876,"$2,314"
"Minneapolis, MN",USA,MN,"Minneapolis, MN",55407,US,17578,"$2,412"
"Minneapolis, MN",USA,MN,"Minneapolis, MN",55407,US,17407,"$2,385"
"Minneapolis, MN",USA,MN,"Minneapolis, MN",55407,US,17322,"$2,395"
"Minneapolis, MN",USA,MN,"Minneapolis, MN",55407,US,17083,"$2,372"
"Minneapolis, MN",USA,MN,"Minneapolis, MN",55407,US,17066,"$2,242"
"Minneapolis, MN",USA,MN,"Minneapolis, MN",55407,US,17047,"$2,305"
"Minneapolis, MN",USA,MN,"Minneapolis, MN",55407,US,17018,"$2,329"
"Minneapolis, MN",USA,MN,"Minneapolis, MN",55407,US,17017,"$2,335"
"Minneapolis, MN",USA,MN,"Minneapolis, MN",55407,US,16943,"$2,274"
"Minneapolis, MN",USA,MN,"Minneapolis, MN",55407,US,16406,"$1,995"
"Minneapolis, MN",USA,MN,"Minneapolis, MN",55407,US,16263,"$2,082"
"Minneapolis, MN",USA,MN,"Minneapolis, MN",55407,US,16224,"$2,077"
"Minneapolis, MN",USA,MN,"Minneapolis, MN",55407,US,16217,"$2,083"
"Minneapolis, MN",USA,MN,"Minneapolis, MN",55407,US,15954,"$2,118"
"Minneapolis, MN",USA,MN,"Minneapolis, MN",55407,US,15927,"$2,156"
"Minneapolis, MN",USA,MN,"Minneapolis, MN",55407,US,15721,"$2,139"
"Minneapolis, MN",USA,MN,"Minneapolis, MN",55407,US,15612,"$2,092"
"Minneapolis, MN",USA,MN,"Minneapolis, MN",55407,US,15338,"$2,191"
"Minneapolis, MN",USA,MN,"Minneapolis, MN",55407,US,15315,"$2,188"
"Minneapolis, MN",USA,MN,"Minneapolis, MN",55407,US,15238,"$2,043"
"Minneapolis, MN",USA,MN,"Minneapolis, MN",55407,US,15235,"$2,052"
"Minneapolis, MN",USA,MN,"Minneapolis, MN",55407,US,15007,"$2,026"
"Minneapolis, MN",USA,MN,"Minneapolis, MN",55407,US,14874,"$2,293"
"Minneapolis, MN",USA,MN,"Minneapolis, MN",55407,US,14818,"$2,323"
"Minneapolis, MN",USA,MN,"Minneapolis, MN",55407,US,14778,"$2,154"
"Minneapolis, MN",USA,MN,"Minneapolis, MN",55407,US,14722,"$2,071"
"Minneapolis, MN",USA,MN,"Minneapolis, MN",55407,US,14717,"$2,204"
"Minneapolis, MN",USA,MN,"Minneapolis, MN",55407,US,14701,"$2,080"
"Minneapolis, MN",USA,MN,"Minneapolis, MN",55407,US,14208,"$2,160"
"Minneapolis, MN",USA,MN,"Minneapolis, MN",55407,US,14134,"$2,154"
"Minneapolis, MN",USA,MN,"Minneapolis, MN",55407,US,14034,"$2,119"
"Minneapolis, MN",USA,MN,"Minneapolis, MN",55407,US,14004,"$2,189"
"Minneapolis, MN",USA,MN,"Minneapolis, MN",55407,US,13860,"$2,503"
"Minneapolis, MN",USA,MN,"Minneapolis, MN",55407,US,13834,"$2,510"
"Minneapolis, MN",USA,MN,"Minneapolis, MN",55407,US,13655,"$2,521"
"Minneapolis, MN",USA,MN,"Minneapolis, MN",55407,US,13331,"$2,522"
"Minneapolis, MN",USA,MN,"Minneapolis, MN",55407,US,13328,"$2,444"
"Minneapolis, MN",USA,MN,"Minneapolis, MN",55407,US,13163,"$2,409"
"Minneapolis, MN",USA,MN,"Minneapolis, MN",55407,US,12762,"$2,507"
"Minneapolis, MN",USA,MN,"Minneapolis, MN",55407,US,12451,"$2,624"
"Minneapolis, MN",USA,MN,"Minneapolis, MN",55407,US,11739,"$2,617"
"Minneapolis, MN",USA,MN,"Minneapolis, MN",55407,US,11710,"$2,584"
"Minneapolis, MN",USA,MN,"Minneapolis, MN",55407,US,11234,"$2,565"
"Minneapolis, MN",USA,MN,"Minneapolis, MN",55407,US,11050,"$2,571"
"Minneapolis, MN",USA,MN,"Minneapolis, MN",55407,US,10986,"$2,563"
"Minneapolis, MN",USA,MN,"Minneapolis, MN",55407,US,10924,"$2,521"
"Minneapolis, MN",USA,MN,"Minneapolis, MN",55407,US,10607,"$2,565"
"Minneapolis, MN",USA,MN,"Minneapolis, MN",55407,US,10312,"$2,547"
"Minneapolis, MN",USA,MN,"Minneapolis, MN",55407,US,10308,"$2,548"
"Minneapolis, MN",USA,MN,"Minneapolis, MN",55407,US,10307,"$2,542"
"Minneapolis, MN",USA,MN,"Minneapolis, MN",55407,US,10301,"$2,544"
"Minneapolis, MN",USA,MN,"Minneapolis, MN",55407,US,10278,"$2,556"
"Minneapolis, MN",USA,MN,"Minneapolis, MN",55407,US,10169,"$2,551"
"Minneapolis, MN",USA,MN,"Minneapolis, MN",55407,US,10154,"$2,550"
"Minneapolis, MN",USA,MN,"Minneapolis, MN",55407,US,10013,"$2,556"
"Wichita, KS",USA,KS,"Wichita, KS",67212,CA,V8P,"$3,712"
"Wichita, KS",USA,KS,"Wichita, KS",67212,CA,V5X,"$3,695"
"Wichita, KS",USA,KS,"Wichita, KS",67212,CA,V1H,"$3,610"
"Wichita, KS",USA,KS,"Wichita, KS",67212,CA,T9A,"$3,439"
"Wichita, KS",USA,KS,"Wichita, KS",67212,CA,M5L,"$2,717"
"Wichita, KS",USA,KS,"Wichita, KS",67212,CA,M3L,"$2,705"
"Wichita, KS",USA,KS,"Wichita, KS",67212,CA,H1K,"$3,162"
"Wichita, KS",USA,KS,"Wichita, KS",67212,CA,E5E,"$3,688"
"Wichita, KS",USA,KS,"Wichita, KS",67212,CA,C1N,"$3,992"
"Wichita, KS",USA,KS,"Wichita, KS",67212,US,99322,"$3,329"
"Wichita, KS",USA,KS,"Wichita, KS",67212,US,99135,"$3,358"
"Wichita, KS",USA,KS,"Wichita, KS",67212,US,98569,"$3,649"
"Wichita, KS",USA,KS,"Wichita, KS",67212,US,98042,"$3,530"
"Wichita, KS",USA,KS,"Wichita, KS",67212,US,98007,"$3,529"
"Wichita, KS",USA,KS,"Wichita, KS",67212,US,97875,"$3,226"
"Wichita, KS",USA,KS,"Wichita, KS",67212,US,97212,"$3,455"
"Wichita, KS",USA,KS,"Wichita, KS",67212,US,97035,"$3,468"
"Wichita, KS",USA,KS,"Wichita, KS",67212,US,95762,"$3,359"
"Wichita, KS",USA,KS,"Wichita, KS",67212,US,94973,"$3,377"
"Wichita, KS",USA,KS,"Wichita, KS",67212,US,94558,"$3,442"
"Wichita, KS",USA,KS,"Wichita, KS",67212,US,94089,"$3,291"
"Wichita, KS",USA,KS,"Wichita, KS",67212,US,93420,"$3,184"
"Wichita, KS",USA,KS,"Wichita, KS",67212,US,93249,"$3,031"
"Wichita, KS",USA,KS,"Wichita, KS",67212,US,92870,"$2,936"
"Wichita, KS",USA,KS,"Wichita, KS",67212,US,92614,"$2,947"
"Wichita, KS",USA,KS,"Wichita, KS",67212,US,92256,"$2,881"
"Wichita, KS",USA,KS,"Wichita, KS",67212,US,91786,"$2,901"
"Wichita, KS",USA,KS,"Wichita, KS",67212,US,89117,"$2,667"
"Wichita, KS",USA,KS,"Wichita, KS",67212,US,87940,"$2,015"
"Wichita, KS",USA,KS,"Wichita, KS",67212,US,86052,"$2,580"
"Wichita, KS",USA,KS,"Wichita, KS",67212,US,85257,"$2,409"
"Wichita, KS",USA,KS,"Wichita, KS",67212,US,85205,"$2,404"
"Wichita, KS",USA,KS,"Wichita, KS",67212,US,85087,"$2,441"
"Wichita, KS",USA,KS,"Wichita, KS",67212,US,84537,"$2,360"
"Wichita, KS",USA,KS,"Wichita, KS",67212,US,84046,"$2,309"
"Wichita, KS",USA,KS,"Wichita, KS",67212,US,81143,"$1,688"
"Wichita, KS",USA,KS,"Wichita, KS",67212,US,80640,"$1,623"
"Wichita, KS",USA,KS,"Wichita, KS",67212,US,79376,"$1,763"
"Wichita, KS",USA,KS,"Wichita, KS",67212,US,78832,"$2,024"
"Wichita, KS",USA,KS,"Wichita, KS",67212,US,78648,"$1,748"
"Wichita, KS",USA,KS,"Wichita, KS",67212,US,78415,"$2,056"
"Wichita, KS",USA,KS,"Wichita, KS",67212,US,77016,"$1,781"
"Wichita, KS",USA,KS,"Wichita, KS",67212,US,76119,"$1,302"
"Wichita, KS",USA,KS,"Wichita, KS",67212,US,75974,"$1,654"
"Wichita, KS",USA,KS,"Wichita, KS",67212,US,74129,$864
"Wichita, KS",USA,KS,"Wichita, KS",67212,US,73033,$993
"Wichita, KS",USA,KS,"Wichita, KS",67212,US,72946,"$1,196"
"Wichita, KS",USA,KS,"Wichita, KS",67212,US,71423,"$1,918"
"Wichita, KS",USA,KS,"Wichita, KS",67212,US,70774,"$2,136"
"Wichita, KS",USA,KS,"Wichita, KS",67212,US,70706,"$2,121"
"Wichita, KS",USA,KS,"Wichita, KS",67212,US,70535,"$1,989"
"Wichita, KS",USA,KS,"Wichita, KS",67212,US,70466,"$2,175"
"Wichita, KS",USA,KS,"Wichita, KS",67212,US,70084,"$2,175"
"Wichita, KS",USA,KS,"Wichita, KS",67212,US,68952,$966
"Wichita, KS",USA,KS,"Wichita, KS",67212,US,68759,"$1,437"
"Wichita, KS",USA,KS,"Wichita, KS",67212,US,67487,$740
"Wichita, KS",USA,KS,"Wichita, KS",67212,US,66940,$808
"Wichita, KS",USA,KS,"Wichita, KS",67212,US,66755,$727
"Wichita, KS",USA,KS,"Wichita, KS",67212,US,66207,$876
"Wichita, KS",USA,KS,"Wichita, KS",67212,US,65631,"$1,046"
"Wichita, KS",USA,KS,"Wichita, KS",67212,US,65567,"$1,211"
"Wichita, KS",USA,KS,"Wichita, KS",67212,US,65456,"$1,405"
"Wichita, KS",USA,KS,"Wichita, KS",67212,US,65081,"$1,146"
"Wichita, KS",USA,KS,"Wichita, KS",67212,US,64652,"$1,179"
"Wichita, KS",USA,KS,"Wichita, KS",67212,US,64471,"$1,156"
"Wichita, KS",USA,KS,"Wichita, KS",67212,US,64453,"$1,157"
"Wichita, KS",USA,KS,"Wichita, KS",67212,US,63379,"$1,394"
"Wichita, KS",USA,KS,"Wichita, KS",67212,US,63107,"$1,468"
"Wichita, KS",USA,KS,"Wichita, KS",67212,US,62803,"$1,580"
"Wichita, KS",USA,KS,"Wichita, KS",67212,US,62668,"$1,552"
"Wichita, KS",USA,KS,"Wichita, KS",67212,US,62568,"$1,638"
"Wichita, KS",USA,KS,"Wichita, KS",67212,US,62477,"$1,777"
"Wichita, KS",USA,KS,"Wichita, KS",67212,US,61814,"$1,849"
"Wichita, KS",USA,KS,"Wichita, KS",67212,US,61537,"$1,806"
"Wichita, KS",USA,KS,"Wichita, KS",67212,US,61349,"$1,811"
"Wichita, KS",USA,KS,"Wichita, KS",67212,US,61037,"$1,798"
"Wichita, KS",USA,KS,"Wichita, KS",67212,US,59318,"$2,510"
"Wichita, KS",USA,KS,"Wichita, KS",67212,US,59255,"$2,595"
"Wichita, KS",USA,KS,"Wichita, KS",67212,US,59085,"$2,671"
"Wichita, KS",USA,KS,"Wichita, KS",67212,US,59082,"$2,660"
"Wichita, KS",USA,KS,"Wichita, KS",67212,US,58405,"$1,990"
"Wichita, KS",USA,KS,"Wichita, KS",67212,US,57340,"$1,523"
"Wichita, KS",USA,KS,"Wichita, KS",67212,US,57213,"$1,753"
"Wichita, KS",USA,KS,"Wichita, KS",67212,US,57005,"$1,625"
"Wichita, KS",USA,KS,"Wichita, KS",67212,US,56688,"$2,249"
"Wichita, KS",USA,KS,"Wichita, KS",67212,US,56521,"$2,124"
"Wichita, KS",USA,KS,"Wichita, KS",67212,US,56520,"$1,974"
"Wichita, KS",USA,KS,"Wichita, KS",67212,US,55401,"$1,845"
"Wichita, KS",USA,KS,"Wichita, KS",67212,US,55066,"$1,849"
"Wichita, KS",USA,KS,"Wichita, KS",67212,US,55045,"$1,910"
"Wichita, KS",USA,KS,"Wichita, KS",67212,US,54891,"$2,211"
"Wichita, KS",USA,KS,"Wichita, KS",67212,US,54539,"$2,256"
"Wichita, KS",USA,KS,"Wichita, KS",67212,US,54521,"$2,270"
"Wichita, KS",USA,KS,"Wichita, KS",67212,US,54235,"$2,259"
"Wichita, KS",USA,KS,"Wichita, KS",67212,US,54156,"$2,300"
"Wichita, KS",USA,KS,"Wichita, KS",67212,US,53809,"$1,838"
"Wichita, KS",USA,KS,"Wichita, KS",67212,US,53527,"$1,950"
"Wichita, KS",USA,KS,"Wichita, KS",67212,US,52556,"$1,479"
"Wichita, KS",USA,KS,"Wichita, KS",67212,US,52158,"$1,798"
"Wichita, KS",USA,KS,"Wichita, KS",67212,US,51537,"$1,273"
"Wichita, KS",USA,KS,"Wichita, KS",67212,US,51532,"$1,233"
"Wichita, KS",USA,KS,"Wichita, KS",67212,US,51237,"$1,602"
"Wichita, KS",USA,KS,"Wichita, KS",67212,US,50070,"$1,408"
"Wichita, KS",USA,KS,"Wichita, KS",67212,US,50042,"$1,300"
"Wichita, KS",USA,KS,"Wichita, KS",67212,US,49306,"$2,229"
"Wichita, KS",USA,KS,"Wichita, KS",67212,US,48465,"$2,504"
"Wichita, KS",USA,KS,"Wichita, KS",67212,US,48186,"$2,349"
"Wichita, KS",USA,KS,"Wichita, KS",67212,US,48130,"$2,306"
"Wichita, KS",USA,KS,"Wichita, KS",67212,US,47611,"$1,851"
"Wichita, KS",USA,KS,"Wichita, KS",67212,US,46975,"$2,075"
"Wichita, KS",USA,KS,"Wichita, KS",67212,US,46045,"$1,981"
"Wichita, KS",USA,KS,"Wichita, KS",67212,US,45862,"$2,153"
"Wichita, KS",USA,KS,"Wichita, KS",67212,US,45727,"$2,378"
"Wichita, KS",USA,KS,"Wichita, KS",67212,US,43158,"$2,297"
"Wichita, KS",USA,KS,"Wichita, KS",67212,US,43151,"$2,178"
"Wichita, KS",USA,KS,"Wichita, KS",67212,US,42420,"$1,813"
"Wichita, KS",USA,KS,"Wichita, KS",67212,US,41764,"$2,274"
"Wichita, KS",USA,KS,"Wichita, KS",67212,US,41143,"$2,230"
"Wichita, KS",USA,KS,"Wichita, KS",67212,US,40339,"$2,091"
"Wichita, KS",USA,KS,"Wichita, KS",67212,US,40004,"$2,024"
"Wichita, KS",USA,KS,"Wichita, KS",67212,US,39736,"$2,037"
"Wichita, KS",USA,KS,"Wichita, KS",67212,US,39204,"$1,959"
"Wichita, KS",USA,KS,"Wichita, KS",67212,US,38736,"$1,837"
"Wichita, KS",USA,KS,"Wichita, KS",67212,US,38361,"$1,941"
"Wichita, KS",USA,KS,"Wichita, KS",67212,US,37665,"$2,415"
"Wichita, KS",USA,KS,"Wichita, KS",67212,US,37369,"$2,334"
"Wichita, KS",USA,KS,"Wichita, KS",67212,US,37148,"$2,036"
"Wichita, KS",USA,KS,"Wichita, KS",67212,US,36603,"$2,262"
"Wichita, KS",USA,KS,"Wichita, KS",67212,US,36551,"$2,299"
"Wichita, KS",USA,KS,"Wichita, KS",67212,US,36271,"$2,231"
"Wichita, KS",USA,KS,"Wichita, KS",67212,US,35647,"$2,069"
"Wichita, KS",USA,KS,"Wichita, KS",67212,US,34291,"$3,031"
"Wichita, KS",USA,KS,"Wichita, KS",67212,US,33596,"$2,942"
"Wichita, KS",USA,KS,"Wichita, KS",67212,US,33445,"$3,138"
"Wichita, KS",USA,KS,"Wichita, KS",67212,US,33063,"$3,157"
"Wichita, KS",USA,KS,"Wichita, KS",67212,US,32726,"$2,869"
"Wichita, KS",USA,KS,"Wichita, KS",67212,US,31792,"$2,579"
"Wichita, KS",USA,KS,"Wichita, KS",67212,US,31411,"$2,745"
"Wichita, KS",USA,KS,"Wichita, KS",67212,US,31410,"$2,738"
"Wichita, KS",USA,KS,"Wichita, KS",67212,US,31003,"$2,540"
"Wichita, KS",USA,KS,"Wichita, KS",67212,US,30441,"$2,622"
"Wichita, KS",USA,KS,"Wichita, KS",67212,US,30276,"$2,374"
"Wichita, KS",USA,KS,"Wichita, KS",67212,US,29580,"$2,837"
"Wichita, KS",USA,KS,"Wichita, KS",67212,US,29461,"$2,829"
"Wichita, KS",USA,KS,"Wichita, KS",67212,US,28325,"$2,901"
"Wichita, KS",USA,KS,"Wichita, KS",67212,US,28112,"$2,706"
"Wichita, KS",USA,KS,"Wichita, KS",67212,US,27817,"$2,949"
"Wichita, KS",USA,KS,"Wichita, KS",67212,US,27807,"$2,859"
"Wichita, KS",USA,KS,"Wichita, KS",67212,US,25427,"$2,718"
"Wichita, KS",USA,KS,"Wichita, KS",67212,US,24594,"$2,735"
"Wichita, KS",USA,KS,"Wichita, KS",67212,US,24415,"$2,637"
"Wichita, KS",USA,KS,"Wichita, KS",67212,US,23942,"$2,778"
"Wichita, KS",USA,KS,"Wichita, KS",67212,US,23523,"$2,927"
"Wichita, KS",USA,KS,"Wichita, KS",67212,US,22211,"$2,800"
"Wichita, KS",USA,KS,"Wichita, KS",67212,US,21659,"$2,907"
"Wichita, KS",USA,KS,"Wichita, KS",67212,US,21636,"$2,884"
"Wichita, KS",USA,KS,"Wichita, KS",67212,US,20763,"$2,798"
"Wichita, KS",USA,KS,"Wichita, KS",67212,US,20520,"$2,795"
"Wichita, KS",USA,KS,"Wichita, KS",67212,US,19954,"$2,906"
"Wichita, KS",USA,KS,"Wichita, KS",67212,US,18980,"$2,915"
"Wichita, KS",USA,KS,"Wichita, KS",67212,US,18853,"$2,889"
"Wichita, KS",USA,KS,"Wichita, KS",67212,US,18842,"$2,932"
"Wichita, KS",USA,KS,"Wichita, KS",67212,US,18708,"$2,888"
"Wichita, KS",USA,KS,"Wichita, KS",67212,US,18079,"$2,867"
"Wichita, KS",USA,KS,"Wichita, KS",67212,US,17954,"$2,827"
"Wichita, KS",USA,KS,"Wichita, KS",67212,US,17820,"$2,819"
"Wichita, KS",USA,KS,"Wichita, KS",67212,US,17810,"$2,782"
"Wichita, KS",USA,KS,"Wichita, KS",67212,US,17538,"$2,797"
"Wichita, KS",USA,KS,"Wichita, KS",67212,US,17371,"$2,792"
"Wichita, KS",USA,KS,"Wichita, KS",67212,US,17345,"$2,778"
"Wichita, KS",USA,KS,"Wichita, KS",67212,US,17246,"$2,714"
"Wichita, KS",USA,KS,"Wichita, KS",67212,US,16655,"$2,639"
"Wichita, KS",USA,KS,"Wichita, KS",67212,US,16444,"$2,558"
"Wichita, KS",USA,KS,"Wichita, KS",67212,US,16364,"$2,580"
"Wichita, KS",USA,KS,"Wichita, KS",67212,US,15642,"$2,525"
"Wichita, KS",USA,KS,"Wichita, KS",67212,US,15620,"$2,543"
"Wichita, KS",USA,KS,"Wichita, KS",67212,US,14753,"$2,690"
"Wichita, KS",USA,KS,"Wichita, KS",67212,US,14586,"$2,783"
"Wichita, KS",USA,KS,"Wichita, KS",67212,US,14536,"$2,764"
"Wichita, KS",USA,KS,"Wichita, KS",67212,US,13672,"$3,067"
"Wichita, KS",USA,KS,"Wichita, KS",67212,US,13352,"$2,968"
"Wichita, KS",USA,KS,"Wichita, KS",67212,US,13324,"$2,976"
"Wichita, KS",USA,KS,"Wichita, KS",67212,US,12547,"$3,036"
"Wichita, KS",USA,KS,"Wichita, KS",67212,US,12545,"$3,064"
